{
  "accuracy": 0.844915586965057,
  "macro_precision": 0.7907740414649052,
  "macro_recall": 0.8124854768621073,
  "macro_f1": 0.7793886215555159,
  "weighted_precision": 0.879159142563313,
  "weighted_recall": 0.844915586965057,
  "weighted_f1": 0.8483659245199855,
  "binary_normal_vs_fraud": {
    "accuracy": 0.9980369061641147,
    "precision": 0.9964054636951833,
    "recall": 1.0,
    "f1": 0.9981994958588405,
    "fraud_as_normal_count": 0
  },
  "confusion_matrix": [
    [
      1156,
      2,
      0,
      1,
      2,
      0,
      0,
      0
    ],
    [
      0,
      362,
      34,
      1,
      79,
      0,
      1,
      5
    ],
    [
      0,
      113,
      169,
      5,
      110,
      0,
      0,
      2
    ],
    [
      0,
      0,
      0,
      197,
      5,
      0,
      0,
      0
    ],
    [
      0,
      6,
      11,
      0,
      87,
      0,
      0,
      0
    ],
    [
      0,
      0,
      0,
      0,
      0,
      96,
      0,
      0
    ],
    [
      0,
      2,
      0,
      0,
      0,
      0,
      67,
      4
    ],
    [
      0,
      6,
      0,
      0,
      0,
      0,
      6,
      18
    ]
  ],
  "classification_report": {
    "正常通话": {
      "precision": 1.0,
      "recall": 0.9956933677863911,
      "f1-score": 0.9978420371169616,
      "support": 1161.0
    },
    "客服诈骗": {
      "precision": 0.7372708757637475,
      "recall": 0.7510373443983402,
      "f1-score": 0.7440904419321686,
      "support": 482.0
    },
    "银行诈骗": {
      "precision": 0.7897196261682243,
      "recall": 0.42355889724310775,
      "f1-score": 0.5513866231647635,
      "support": 399.0
    },
    "投资诈骗": {
      "precision": 0.9656862745098039,
      "recall": 0.9752475247524752,
      "f1-score": 0.9704433497536946,
      "support": 202.0
    },
    "钓鱼诈骗": {
      "precision": 0.30742049469964666,
      "recall": 0.8365384615384616,
      "f1-score": 0.4496124031007752,
      "support": 104.0
    },
    "彩票诈骗": {
      "precision": 1.0,
      "recall": 1.0,
      "f1-score": 1.0,
      "support": 96.0
    },
    "绑架诈骗": {
      "precision": 0.9054054054054054,
      "recall": 0.9178082191780822,
      "f1-score": 0.9115646258503401,
      "support": 73.0
    },
    "身份盗窃": {
      "precision": 0.6206896551724138,
      "recall": 0.6,
      "f1-score": 0.6101694915254238,
      "support": 30.0
    },
    "accuracy": 0.844915586965057,
    "macro avg": {
      "precision": 0.7907740414649052,
      "recall": 0.8124854768621073,
      "f1-score": 0.7793886215555159,
      "support": 2547.0
    },
    "weighted avg": {
      "precision": 0.879159142563313,
      "recall": 0.844915586965057,
      "f1-score": 0.8483659245199855,
      "support": 2547.0
    }
  },
  "loss": 0.42660793249027656
}