{
  "accuracy": 0.8032979976442874,
  "macro_precision": 0.752802911948419,
  "macro_recall": 0.7470169131439813,
  "macro_f1": 0.698377372967437,
  "weighted_precision": 0.8453321938426802,
  "weighted_recall": 0.8032979976442874,
  "weighted_f1": 0.7709948823432946,
  "binary_normal_vs_fraud": {
    "accuracy": 0.9968590498625834,
    "precision": 0.9963976945244957,
    "recall": 0.9978354978354979,
    "f1": 0.9971160778658976,
    "fraud_as_normal_count": 3
  },
  "confusion_matrix": [
    [
      1156,
      2,
      0,
      1,
      2,
      0,
      0,
      0
    ],
    [
      0,
      439,
      2,
      2,
      34,
      0,
      1,
      4
    ],
    [
      0,
      186,
      20,
      7,
      186,
      0,
      0,
      0
    ],
    [
      3,
      3,
      0,
      192,
      4,
      0,
      0,
      0
    ],
    [
      0,
      32,
      6,
      0,
      66,
      0,
      0,
      0
    ],
    [
      0,
      2,
      0,
      0,
      0,
      94,
      0,
      0
    ],
    [
      0,
      2,
      0,
      0,
      0,
      0,
      60,
      11
    ],
    [
      0,
      7,
      0,
      0,
      0,
      0,
      4,
      19
    ]
  ],
  "classification_report": {
    "正常通话": {
      "precision": 0.997411561691113,
      "recall": 0.9956933677863911,
      "f1-score": 0.996551724137931,
      "support": 1161.0
    },
    "客服诈骗": {
      "precision": 0.6523031203566122,
      "recall": 0.9107883817427386,
      "f1-score": 0.7601731601731602,
      "support": 482.0
    },
    "银行诈骗": {
      "precision": 0.7142857142857143,
      "recall": 0.05012531328320802,
      "f1-score": 0.0936768149882904,
      "support": 399.0
    },
    "投资诈骗": {
      "precision": 0.9504950495049505,
      "recall": 0.9504950495049505,
      "f1-score": 0.9504950495049505,
      "support": 202.0
    },
    "钓鱼诈骗": {
      "precision": 0.22602739726027396,
      "recall": 0.6346153846153846,
      "f1-score": 0.3333333333333333,
      "support": 104.0
    },
    "彩票诈骗": {
      "precision": 1.0,
      "recall": 0.9791666666666666,
      "f1-score": 0.9894736842105263,
      "support": 96.0
    },
    "绑架诈骗": {
      "precision": 0.9230769230769231,
      "recall": 0.821917808219178,
      "f1-score": 0.8695652173913043,
      "support": 73.0
    },
    "身份盗窃": {
      "precision": 0.5588235294117647,
      "recall": 0.6333333333333333,
      "f1-score": 0.59375,
      "support": 30.0
    },
    "accuracy": 0.8032979976442874,
    "macro avg": {
      "precision": 0.752802911948419,
      "recall": 0.7470169131439813,
      "f1-score": 0.698377372967437,
      "support": 2547.0
    },
    "weighted avg": {
      "precision": 0.8453321938426802,
      "recall": 0.8032979976442874,
      "f1-score": 0.7709948823432946,
      "support": 2547.0
    }
  },
  "loss": 0.5020231584684494
}