{
  "original": {
    "accuracy": 0.844915586965057,
    "macro_precision": 0.7907740414649052,
    "macro_recall": 0.8124854768621073,
    "macro_f1": 0.7793886215555159,
    "weighted_precision": 0.879159142563313,
    "weighted_recall": 0.844915586965057,
    "weighted_f1": 0.8483659245199855,
    "binary_normal_vs_fraud": {
      "accuracy": 0.9980369061641147,
      "precision": 0.9964054636951833,
      "recall": 1.0,
      "f1": 0.9981994958588405,
      "fraud_as_normal_count": 0
    },
    "confusion_matrix": [
      [
        1156,
        2,
        0,
        1,
        2,
        0,
        0,
        0
      ],
      [
        0,
        362,
        34,
        1,
        79,
        0,
        1,
        5
      ],
      [
        0,
        113,
        169,
        5,
        110,
        0,
        0,
        2
      ],
      [
        0,
        0,
        0,
        197,
        5,
        0,
        0,
        0
      ],
      [
        0,
        6,
        11,
        0,
        87,
        0,
        0,
        0
      ],
      [
        0,
        0,
        0,
        0,
        0,
        96,
        0,
        0
      ],
      [
        0,
        2,
        0,
        0,
        0,
        0,
        67,
        4
      ],
      [
        0,
        6,
        0,
        0,
        0,
        0,
        6,
        18
      ]
    ],
    "classification_report": {
      "正常通话": {
        "precision": 1.0,
        "recall": 0.9956933677863911,
        "f1-score": 0.9978420371169616,
        "support": 1161.0
      },
      "客服诈骗": {
        "precision": 0.7372708757637475,
        "recall": 0.7510373443983402,
        "f1-score": 0.7440904419321686,
        "support": 482.0
      },
      "银行诈骗": {
        "precision": 0.7897196261682243,
        "recall": 0.42355889724310775,
        "f1-score": 0.5513866231647635,
        "support": 399.0
      },
      "投资诈骗": {
        "precision": 0.9656862745098039,
        "recall": 0.9752475247524752,
        "f1-score": 0.9704433497536946,
        "support": 202.0
      },
      "钓鱼诈骗": {
        "precision": 0.30742049469964666,
        "recall": 0.8365384615384616,
        "f1-score": 0.4496124031007752,
        "support": 104.0
      },
      "彩票诈骗": {
        "precision": 1.0,
        "recall": 1.0,
        "f1-score": 1.0,
        "support": 96.0
      },
      "绑架诈骗": {
        "precision": 0.9054054054054054,
        "recall": 0.9178082191780822,
        "f1-score": 0.9115646258503401,
        "support": 73.0
      },
      "身份盗窃": {
        "precision": 0.6206896551724138,
        "recall": 0.6,
        "f1-score": 0.6101694915254238,
        "support": 30.0
      },
      "accuracy": 0.844915586965057,
      "macro avg": {
        "precision": 0.7907740414649052,
        "recall": 0.8124854768621073,
        "f1-score": 0.7793886215555159,
        "support": 2547.0
      },
      "weighted avg": {
        "precision": 0.879159142563313,
        "recall": 0.844915586965057,
        "f1-score": 0.8483659245199855,
        "support": 2547.0
      }
    },
    "loss": 0.42660793249027656
  },
  "credibility": {
    "accuracy": 0.8044758539458187,
    "macro_precision": 0.7616507432410202,
    "macro_recall": 0.7544374067489393,
    "macro_f1": 0.7044123213770468,
    "weighted_precision": 0.8524436065451025,
    "weighted_recall": 0.8044758539458187,
    "weighted_f1": 0.7732059882025487,
    "binary_normal_vs_fraud": {
      "accuracy": 0.9972516686297606,
      "precision": 0.9964002879769619,
      "recall": 0.9985569985569985,
      "f1": 0.9974774774774775,
      "fraud_as_normal_count": 2
    },
    "confusion_matrix": [
      [
        1156,
        2,
        0,
        1,
        2,
        0,
        0,
        0
      ],
      [
        0,
        432,
        2,
        3,
        40,
        0,
        1,
        4
      ],
      [
        0,
        178,
        21,
        8,
        192,
        0,
        0,
        0
      ],
      [
        2,
        1,
        0,
        197,
        2,
        0,
        0,
        0
      ],
      [
        0,
        31,
        5,
        0,
        68,
        0,
        0,
        0
      ],
      [
        0,
        2,
        0,
        0,
        0,
        94,
        0,
        0
      ],
      [
        0,
        2,
        0,
        0,
        0,
        0,
        62,
        9
      ],
      [
        0,
        7,
        0,
        0,
        0,
        0,
        4,
        19
      ]
    ],
    "classification_report": {
      "正常通话": {
        "precision": 0.998272884283247,
        "recall": 0.9956933677863911,
        "f1-score": 0.9969814575247952,
        "support": 1161.0
      },
      "客服诈骗": {
        "precision": 0.6595419847328244,
        "recall": 0.8962655601659751,
        "f1-score": 0.7598944591029023,
        "support": 482.0
      },
      "银行诈骗": {
        "precision": 0.75,
        "recall": 0.05263157894736842,
        "f1-score": 0.09836065573770492,
        "support": 399.0
      },
      "投资诈骗": {
        "precision": 0.9425837320574163,
        "recall": 0.9752475247524752,
        "f1-score": 0.9586374695863747,
        "support": 202.0
      },
      "钓鱼诈骗": {
        "precision": 0.2236842105263158,
        "recall": 0.6538461538461539,
        "f1-score": 0.3333333333333333,
        "support": 104.0
      },
      "彩票诈骗": {
        "precision": 1.0,
        "recall": 0.9791666666666666,
        "f1-score": 0.9894736842105263,
        "support": 96.0
      },
      "绑架诈骗": {
        "precision": 0.9253731343283582,
        "recall": 0.8493150684931506,
        "f1-score": 0.8857142857142857,
        "support": 73.0
      },
      "身份盗窃": {
        "precision": 0.59375,
        "recall": 0.6333333333333333,
        "f1-score": 0.6129032258064516,
        "support": 30.0
      },
      "accuracy": 0.8044758539458187,
      "macro avg": {
        "precision": 0.7616507432410202,
        "recall": 0.7544374067489393,
        "f1-score": 0.7044123213770468,
        "support": 2547.0
      },
      "weighted avg": {
        "precision": 0.8524436065451025,
        "recall": 0.8044758539458187,
        "f1-score": 0.7732059882025487,
        "support": 2547.0
      }
    },
    "loss": 0.4908900056860706
  },
  "urgency": {
    "accuracy": 0.8032979976442874,
    "macro_precision": 0.752802911948419,
    "macro_recall": 0.7470169131439813,
    "macro_f1": 0.698377372967437,
    "weighted_precision": 0.8453321938426802,
    "weighted_recall": 0.8032979976442874,
    "weighted_f1": 0.7709948823432946,
    "binary_normal_vs_fraud": {
      "accuracy": 0.9968590498625834,
      "precision": 0.9963976945244957,
      "recall": 0.9978354978354979,
      "f1": 0.9971160778658976,
      "fraud_as_normal_count": 3
    },
    "confusion_matrix": [
      [
        1156,
        2,
        0,
        1,
        2,
        0,
        0,
        0
      ],
      [
        0,
        439,
        2,
        2,
        34,
        0,
        1,
        4
      ],
      [
        0,
        186,
        20,
        7,
        186,
        0,
        0,
        0
      ],
      [
        3,
        3,
        0,
        192,
        4,
        0,
        0,
        0
      ],
      [
        0,
        32,
        6,
        0,
        66,
        0,
        0,
        0
      ],
      [
        0,
        2,
        0,
        0,
        0,
        94,
        0,
        0
      ],
      [
        0,
        2,
        0,
        0,
        0,
        0,
        60,
        11
      ],
      [
        0,
        7,
        0,
        0,
        0,
        0,
        4,
        19
      ]
    ],
    "classification_report": {
      "正常通话": {
        "precision": 0.997411561691113,
        "recall": 0.9956933677863911,
        "f1-score": 0.996551724137931,
        "support": 1161.0
      },
      "客服诈骗": {
        "precision": 0.6523031203566122,
        "recall": 0.9107883817427386,