label_id,label_name,original_recall,original_recall_drop_vs_original,credibility_recall,credibility_recall_drop_vs_original,urgency_recall,urgency_recall_drop_vs_original,emotion_recall,emotion_recall_drop_vs_original
0,正常通话,0.9956933677863911,0.0,0.9956933677863911,0.0,0.9956933677863911,0.0,0.9956933677863911,0.0
1,客服诈骗,0.7510373443983402,0.0,0.8962655601659751,-0.1452282157676349,0.9107883817427386,-0.15975103734439833,0.9232365145228216,-0.17219917012448138
2,银行诈骗,0.42355889724310775,0.0,0.05263157894736842,0.37092731829573933,0.05012531328320802,0.37343358395989973,0.05263157894736842,0.37092731829573933
3,投资诈骗,0.9752475247524752,0.0,0.9752475247524752,0.0,0.9504950495049505,0.024752475247524774,0.9405940594059405,0.034653465346534684
4,钓鱼诈骗,0.8365384615384616,0.0,0.6538461538461539,0.1826923076923077,0.6346153846153846,0.20192307692307698,0.5288461538461539,0.3076923076923077
5,彩票诈骗,1.0,0.0,0.9791666666666666,0.02083333333333337,0.9791666666666666,0.02083333333333337,0.9791666666666666,0.02083333333333337
6,绑架诈骗,0.9178082191780822,0.0,0.8493150684931506,0.06849315068493156,0.821917808219178,0.09589041095890416,0.8356164383561644,0.0821917808219178
7,身份盗窃,0.6,0.0,0.6333333333333333,-0.033333333333333326,0.6333333333333333,-0.033333333333333326,0.5666666666666667,0.033333333333333326
