dataset,dataset_cn,accuracy,macro_precision,macro_recall,macro_f1,weighted_f1,binary_fraud_recall,fraud_as_normal_count,accuracy_drop_vs_original,macro_f1_drop_vs_original,weighted_f1_drop_vs_original
original,原始测试集,0.844915586965057,0.7907740414649052,0.8124854768621073,0.7793886215555159,0.8483659245199855,1.0,0,0.0,0.0,0.0
credibility,建立可信度,0.8044758539458187,0.7616507432410202,0.7544374067489393,0.7044123213770468,0.7732059882025487,0.9985569985569985,2,0.04043973301923831,0.07497630017846912,0.07515993631743678
urgency,制造紧迫感,0.8032979976442874,0.752802911948419,0.7470169131439813,0.698377372967437,0.7709948823432946,0.9978354978354979,3,0.04161758932076953,0.08101124858807895,0.07737104217669089
emotion,情感操纵,0.8005496662740479,0.7448902454946121,0.7278064307747716,0.6916281951696563,0.7688064060127325,0.9978354978354979,3,0.044365920691009086,0.08776042638585957,0.07955951850725296
