{
  "accuracy": 0.8044758539458187,
  "macro_precision": 0.7616507432410202,
  "macro_recall": 0.7544374067489393,
  "macro_f1": 0.7044123213770468,
  "weighted_precision": 0.8524436065451025,
  "weighted_recall": 0.8044758539458187,
  "weighted_f1": 0.7732059882025487,
  "binary_normal_vs_fraud": {
    "accuracy": 0.9972516686297606,
    "precision": 0.9964002879769619,
    "recall": 0.9985569985569985,
    "f1": 0.9974774774774775,
    "fraud_as_normal_count": 2
  },
  "confusion_matrix": [
    [
      1156,
      2,
      0,
      1,
      2,
      0,
      0,
      0
    ],
    [
      0,
      432,
      2,
      3,
      40,
      0,
      1,
      4
    ],
    [
      0,
      178,
      21,
      8,
      192,
      0,
      0,
      0
    ],
    [
      2,
      1,
      0,
      197,
      2,
      0,
      0,
      0
    ],
    [
      0,
      31,
      5,
      0,
      68,
      0,
      0,
      0
    ],
    [
      0,
      2,
      0,
      0,
      0,
      94,
      0,
      0
    ],
    [
      0,
      2,
      0,
      0,
      0,
      0,
      62,
      9
    ],
    [
      0,
      7,
      0,
      0,
      0,
      0,
      4,
      19
    ]
  ],
  "classification_report": {
    "正常通话": {
      "precision": 0.998272884283247,
      "recall": 0.9956933677863911,
      "f1-score": 0.9969814575247952,
      "support": 1161.0
    },
    "客服诈骗": {
      "precision": 0.6595419847328244,
      "recall": 0.8962655601659751,
      "f1-score": 0.7598944591029023,
      "support": 482.0
    },
    "银行诈骗": {
      "precision": 0.75,
      "recall": 0.05263157894736842,
      "f1-score": 0.09836065573770492,
      "support": 399.0
    },
    "投资诈骗": {
      "precision": 0.9425837320574163,
      "recall": 0.9752475247524752,
      "f1-score": 0.9586374695863747,
      "support": 202.0
    },
    "钓鱼诈骗": {
      "precision": 0.2236842105263158,
      "recall": 0.6538461538461539,
      "f1-score": 0.3333333333333333,
      "support": 104.0
    },
    "彩票诈骗": {
      "precision": 1.0,
      "recall": 0.9791666666666666,
      "f1-score": 0.9894736842105263,
      "support": 96.0
    },
    "绑架诈骗": {
      "precision": 0.9253731343283582,
      "recall": 0.8493150684931506,
      "f1-score": 0.8857142857142857,
      "support": 73.0
    },
    "身份盗窃": {
      "precision": 0.59375,
      "recall": 0.6333333333333333,
      "f1-score": 0.6129032258064516,
      "support": 30.0
    },
    "accuracy": 0.8044758539458187,
    "macro avg": {
      "precision": 0.7616507432410202,
      "recall": 0.7544374067489393,
      "f1-score": 0.7044123213770468,
      "support": 2547.0
    },
    "weighted avg": {
      "precision": 0.8524436065451025,
      "recall": 0.8044758539458187,
      "f1-score": 0.7732059882025487,
      "support": 2547.0
    }
  },
  "loss": 0.4908900056860706
}