{
  "ccr": 0.9791912053396152,
  "accuracy": 0.9791912053396152,
  "precision": 0.9985041136873598,
  "recall": 0.9632034632034632,
  "f1": 0.9805361733382298,
  "num_samples": 2547,
  "confusion_matrix": [
    [
      1159,
      2
    ],
    [
      51,
      1335
    ]
  ],
  "classification_report": {
    "非诈骗": {
      "precision": 0.9578512396694215,
      "recall": 0.9982773471145564,
      "f1-score": 0.9776465626318009,
      "support": 1161.0
    },
    "诈骗": {
      "precision": 0.9985041136873598,
      "recall": 0.9632034632034632,
      "f1-score": 0.9805361733382298,
      "support": 1386.0
    },
    "accuracy": 0.9791912053396152,
    "macro avg": {
      "precision": 0.9781776766783907,
      "recall": 0.9807404051590098,
      "f1-score": 0.9790913679850154,
      "support": 2547.0
    },
    "weighted avg": {
      "precision": 0.9799732983222926,
      "recall": 0.9791912053396152,
      "f1-score": 0.9792190009667482,
      "support": 2547.0
    }
  }
}