{
  "credibility": {
    "ccr": 0.9960738123282293,
    "accuracy": 0.9960738123282293,
    "precision": 0.9985507246376811,
    "recall": 0.9942279942279942,
    "f1": 0.9963846710050615,
    "num_samples": 2547,
    "confusion_matrix": [
      [
        1159,
        2
      ],
      [
        8,
        1378
      ]
    ],
    "classification_report": {
      "非诈骗": {
        "precision": 0.9931448157669237,
        "recall": 0.9982773471145564,
        "f1-score": 0.9957044673539519,
        "support": 1161.0
      },
      "诈骗": {
        "precision": 0.9985507246376811,
        "recall": 0.9942279942279942,
        "f1-score": 0.9963846710050615,
        "support": 1386.0
      },
      "accuracy": 0.9960738123282293,
      "macro avg": {
        "precision": 0.9958477702023024,
        "recall": 0.9962526706712753,
        "f1-score": 0.9960445691795067,
        "support": 2547.0
      },
      "weighted avg": {
        "precision": 0.9960865470958871,
        "recall": 0.9960738123282293,
        "f1-score": 0.9960746135103861,
        "support": 2547.0
      }
    }
  },
  "urgency": {
    "ccr": 0.9870435806831567,
    "accuracy": 0.9870435806831567,
    "precision": 0.9985261606484893,
    "recall": 0.9776334776334776,
    "f1": 0.987969376594969,
    "num_samples": 2547,
    "confusion_matrix": [
      [
        1159,
        2
      ],
      [
        31,
        1355
      ]
    ],
    "classification_report": {
      "非诈骗": {
        "precision": 0.9739495798319328,
        "recall": 0.9982773471145564,
        "f1-score": 0.9859634198213526,
        "support": 1161.0
      },
      "诈骗": {
        "precision": 0.9985261606484893,
        "recall": 0.9776334776334776,
        "f1-score": 0.987969376594969,
        "support": 1386.0
      },
      "accuracy": 0.9870435806831567,
      "macro avg": {
        "precision": 0.986237870240211,
        "recall": 0.9879554123740171,
        "f1-score": 0.9869663982081608,
        "support": 2547.0
      },
      "weighted avg": {
        "precision": 0.9873234082621439,
        "recall": 0.9870435806831567,
        "f1-score": 0.987055000539151,
        "support": 2547.0
      }
    }
  },
  "emotion": {
    "ccr": 0.9791912053396152,
    "accuracy": 0.9791912053396152,
    "precision": 0.9985041136873598,
    "recall": 0.9632034632034632,
    "f1": 0.9805361733382298,
    "num_samples": 2547,
    "confusion_matrix": [
      [
        1159,
        2
      ],
      [
        51,
        1335
      ]
    ],
    "classification_report": {
      "非诈骗": {
        "precision": 0.9578512396694215,
        "recall": 0.9982773471145564,
        "f1-score": 0.9776465626318009,
        "support": 1161.0
      },
      "诈骗": {
        "precision": 0.9985041136873598,
        "recall": 0.9632034632034632,
        "f1-score": 0.9805361733382298,
        "support": 1386.0
      },
      "accuracy": 0.9791912053396152,
      "macro avg": {
        "precision": 0.9781776766783907,
        "recall": 0.9807404051590098,
        "f1-score": 0.9790913679850154,
        "support": 2547.0
      },
      "weighted avg": {
        "precision": 0.9799732983222926,
        "recall": 0.9791912053396152,
        "f1-score": 0.9792190009667482,
        "support": 2547.0
      }
    }
  }
}