strategy,strategy_cn,accuracy,precision,recall,f1,TN,FP,FN,TP
credibility,建立可信度,0.9960738123282293,0.9985507246376811,0.9942279942279942,0.9963846710050615,1159,2,8,1378
urgency,制造紧迫感,0.9870435806831567,0.9985261606484893,0.9776334776334776,0.987969376594969,1159,2,31,1355
emotion,情感操纵,0.9791912053396152,0.9985041136873598,0.9632034632034632,0.9805361733382298,1159,2,51,1335
