{
  "accuracy": 0.8005496662740479,
  "macro_precision": 0.7448902454946121,
  "macro_recall": 0.7278064307747716,
  "macro_f1": 0.6916281951696563,
  "weighted_precision": 0.8336487098614768,
  "weighted_recall": 0.8005496662740479,
  "weighted_f1": 0.7688064060127325,
  "binary_normal_vs_fraud": {
    "accuracy": 0.9968590498625834,
    "precision": 0.9963976945244957,
    "recall": 0.9978354978354979,
    "f1": 0.9971160778658976,
    "fraud_as_normal_count": 3
  },
  "confusion_matrix": [
    [
      1156,
      2,
      0,
      1,
      2,
      0,
      0,
      0
    ],
    [
      0,
      445,
      2,
      1,
      29,
      0,
      1,
      4
    ],
    [
      0,
      193,
      21,
      4,
      181,
      0,
      0,
      0
    ],
    [
      3,
      7,
      0,
      190,
      2,
      0,
      0,
      0
    ],
    [
      0,
      40,
      9,
      0,
      55,
      0,
      0,
      0
    ],
    [
      0,
      2,
      0,
      0,
      0,
      94,
      0,
      0
    ],
    [
      0,
      4,
      0,
      0,
      0,
      0,
      61,
      8
    ],
    [
      0,
      7,
      0,
      0,
      1,
      0,
      5,
      17
    ]
  ],
  "classification_report": {
    "正常通话": {
      "precision": 0.997411561691113,
      "recall": 0.9956933677863911,
      "f1-score": 0.996551724137931,
      "support": 1161.0
    },
    "客服诈骗": {
      "precision": 0.6357142857142857,
      "recall": 0.9232365145228216,
      "f1-score": 0.7529610829103215,
      "support": 482.0
    },
    "银行诈骗": {
      "precision": 0.65625,
      "recall": 0.05263157894736842,
      "f1-score": 0.09744779582366589,
      "support": 399.0
    },
    "投资诈骗": {
      "precision": 0.9693877551020408,
      "recall": 0.9405940594059405,
      "f1-score": 0.9547738693467337,
      "support": 202.0
    },
    "钓鱼诈骗": {
      "precision": 0.2037037037037037,
      "recall": 0.5288461538461539,
      "f1-score": 0.29411764705882354,
      "support": 104.0
    },
    "彩票诈骗": {
      "precision": 1.0,
      "recall": 0.9791666666666666,
      "f1-score": 0.9894736842105263,
      "support": 96.0
    },
    "绑架诈骗": {
      "precision": 0.9104477611940298,
      "recall": 0.8356164383561644,
      "f1-score": 0.8714285714285714,
      "support": 73.0
    },
    "身份盗窃": {
      "precision": 0.5862068965517241,
      "recall": 0.5666666666666667,
      "f1-score": 0.576271186440678,
      "support": 30.0
    },
    "accuracy": 0.8005496662740479,
    "macro avg": {
      "precision": 0.7448902454946121,
      "recall": 0.7278064307747716,
      "f1-score": 0.6916281951696563,
      "support": 2547.0
    },
    "weighted avg": {
      "precision": 0.8336487098614768,
      "recall": 0.8005496662740479,
      "f1-score": 0.7688064060127325,
      "support": 2547.0
    }
  },
  "loss": 0.5098634322203511
}