{
  "ccr": 0.9960738123282293,
  "accuracy": 0.9960738123282293,
  "precision": 0.9985507246376811,
  "recall": 0.9942279942279942,
  "f1": 0.9963846710050615,
  "num_samples": 2547,
  "confusion_matrix": [
    [
      1159,
      2
    ],
    [
      8,
      1378
    ]
  ],
  "classification_report": {
    "非诈骗": {
      "precision": 0.9931448157669237,
      "recall": 0.9982773471145564,
      "f1-score": 0.9957044673539519,
      "support": 1161.0
    },
    "诈骗": {
      "precision": 0.9985507246376811,
      "recall": 0.9942279942279942,
      "f1-score": 0.9963846710050615,
      "support": 1386.0
    },
    "accuracy": 0.9960738123282293,
    "macro avg": {
      "precision": 0.9958477702023024,
      "recall": 0.9962526706712753,
      "f1-score": 0.9960445691795067,
      "support": 2547.0
    },
    "weighted avg": {
      "precision": 0.9960865470958871,
      "recall": 0.9960738123282293,
      "f1-score": 0.9960746135103861,
      "support": 2547.0
    }
  }
}