{
  "ccr": 0.9870435806831567,
  "accuracy": 0.9870435806831567,
  "precision": 0.9985261606484893,
  "recall": 0.9776334776334776,
  "f1": 0.987969376594969,
  "num_samples": 2547,
  "confusion_matrix": [
    [
      1159,
      2
    ],
    [
      31,
      1355
    ]
  ],
  "classification_report": {
    "非诈骗": {
      "precision": 0.9739495798319328,
      "recall": 0.9982773471145564,
      "f1-score": 0.9859634198213526,
      "support": 1161.0
    },
    "诈骗": {
      "precision": 0.9985261606484893,
      "recall": 0.9776334776334776,
      "f1-score": 0.987969376594969,
      "support": 1386.0
    },
    "accuracy": 0.9870435806831567,
    "macro avg": {
      "precision": 0.986237870240211,
      "recall": 0.9879554123740171,
      "f1-score": 0.9869663982081608,
      "support": 2547.0
    },
    "weighted avg": {
      "precision": 0.9873234082621439,
      "recall": 0.9870435806831567,
      "f1-score": 0.987055000539151,
      "support": 2547.0
    }
  }
}